{"cameraMode":{"drawMode":0,"name":"Shaded","section":"Shading Mode"},"sceneLighting":true,"audioPlay":false,"sceneViewState":{"m_AlwaysRefresh":false,"showFog":true,"showSkybox":true,"showFlares":true,"showImageEffects":true,"showParticleSystems":true,"showVisualEffectGraphs":true,"m_FxEnabled":true},"in2DMode":false,"pivot":{"x":-134.98870849609376,"y":-0.5659627914428711,"z":-713.8483276367188},"rotation":{"x":0.08001239597797394,"y":-0.0023921814281493427,"z":0.00019211396283935755,"w":0.9967924952507019},"size":5.950782299041748,"orthographic":false}