{"cameraMode":{"drawMode":0,"name":"Shaded","section":"Shading Mode"},"sceneLighting":true,"audioPlay":false,"sceneViewState":{"m_AlwaysRefresh":false,"showFog":true,"showSkybox":true,"showFlares":true,"showImageEffects":true,"showParticleSystems":true,"showVisualEffectGraphs":true,"m_FxEnabled":false},"in2DMode":false,"pivot":{"x":2.9822380542755129,"y":0.30422526597976687,"z":-355.98699951171877},"rotation":{"x":-0.4112579822540283,"y":0.12836730480194093,"z":-0.05862502381205559,"w":-0.9005337357521057},"size":37.05738067626953,"orthographic":false}