{"cameraMode":{"drawMode":0,"name":"Shaded","section":"Shading Mode"},"sceneLighting":true,"audioPlay":false,"sceneViewState":{"m_AlwaysRefresh":false,"showFog":true,"showSkybox":false,"showFlares":true,"showImageEffects":true,"showParticleSystems":true,"showVisualEffectGraphs":true,"m_FxEnabled":true},"in2DMode":false,"pivot":{"x":-837.0691528320313,"y":6.70129919052124,"z":-758.9066772460938},"rotation":{"x":0.13012394309043885,"y":0.008328549563884735,"z":-0.0010929745621979237,"w":0.9914654493331909},"size":1.1291778087615967,"orthographic":false}